feature,weight,Std error
intercept,-0.061524905,0.034894758
0,0.770420411,0.037371974
1,0.70691691,0.034968412
2,0.640814024,0.033814715
3,0.644132625,0.035578421
4,0.568233226,0.036464553
5,0.632160337,0.039287543
6,0.656576057,0.036462895
7,0.682734689,0.035745033
8,0.607012613,0.029594753
9,0.543817942,0.029498182
10,0.530568259,0.029478579
11,0.492513171,0.029491182
12,0.408539158,0.029459933
13,0.29727904,0.029856378
14,0.253439641,0.030039464
15,0.324400133,0.030003822
16,0.33289759,0.029863785
17,0.273870337,0.029652952
18,0.115394825,0.029947757
19,0,0
AC,-0.00893982,0.023459385
AG,0.180780492,0.02342255
AT,0.045718532,0.023533486
CA,-0.166731995,0.026440323
CG,0.000473642,0.025979512
CT,0.023749827,0.025846077
GA,-0.100658292,0.025466296
GC,-0.198931276,0.02514889
GT,-0.144115981,0.025169938
TA,-0.038939247,0.02334269
TC,-0.025160812,0.023360924
TG,0,0
gc_content,0.729597133,0.054973778
